{"system_load_very_low_a_bell": 3.817090559927434, "system_load_very_low_b_bell": 0.4239894905851753, "system_load_very_low_c_bell": 0.16270163059940435, "system_load_low_a": 2.2166759057212957, "system_load_low_b": 0.018795309604963378, "system_load_low_c": 0.4830683827074581, "system_load_medium_a": 3.026176569113249, "system_load_medium_b": 0.04263996125969387, "system_load_medium_c": 0.5084820622879745, "system_load_high_a": 3.3586476111720063, "system_load_high_b": 0.04524978824323588, "system_load_high_c": 0.7571923596509628, "system_load_very_high_a_tri": 0.6652568554803077, "latency_low_a": 2.9415919452957713, "latency_low_b": 0.7412846417866454, "latency_low_c": 0.25766560474536576, "latency_medium_a": 2.6277807949709096, "latency_medium_b": 0.02463304316760239, "latency_medium_c": 0.5017056013737051, "latency_high_a": 3.912670457540928, "latency_high_b": 0.8024750222079633, "latency_high_c": 0.755416577313516, "clp_very_low_c_tri": -0.7225412135005838, "clp_low_a": 2.7875153573512, "clp_low_b": 0.4623657488734653, "clp_low_c": -0.21264709325773234, "clp_medium_a": 3.9400919659508866, "clp_medium_b": 0.04668525388440902, "clp_medium_c": 0.16315298319110455, "clp_high_a": 3.285731429563624, "clp_high_b": 0.21191262465478974, "clp_high_c": 0.6803756826130208, "clp_very_high_a_tri": 0.6652141253462178}
