mamdani_triangle_v3,mamdani_triangle_v4
0.0033815135444262337,0.0006797783872471142
3.837794119370178e-07,3.837794119370178e-07
0.000366749276234662,0.000366749276234662
0.0017718823832962097,0.001590045633839264
0.00011111735213128317,0.0004444292880232194
0.004981882997859921,0.0014399999999999999
0.0010935219017427808,0.02807419012745943
0.019764390536205538,0.003604333737324817
0.00020141072667308532,0.0001942744738544859
3.0043067476725694e-05,3.0043067476725694e-05
