mamdani_gaussian,mamdani_triangle
0.8410590603200098,0.40002096988168645
0.8410591205860956,0.4000035680592467
0.8410588669680897,0.40005076092895986
0.8410588356242311,0.40005582910904036
0.8410590024893079,0.40002960702791945
0.8410588356242311,0.40005582910904036
0.8410586393723577,0.4000834532847785
0.8410586393723577,0.4000834532847785
0.8410583893576578,0.40010838749357447
0.8410582752427458,0.4001205228813423
