mamdani_hyper,mamdani_triangle_v4
0.0003599509984887474,0.0006797783872471142
1.3839170615393993e-05,3.837794119370178e-07
0.0002654414251783591,0.000366749276234662
4.109134355349511e-05,0.001590045633839264
3.2330486453570666e-05,0.0004444292880232194
1.4188722167913308e-07,0.0014399999999999999
0.0026665429539828264,0.0012208347586401694
0.0031224470343608297,0.0013862474368954523
0.0006135118415136088,0.0001942744738544859
0.0003741834201333343,3.0043067476725694e-05
