mamdani_bell_v9,mamdani_bell_hparams
21.52378274543981,21.52378274543981
2.661809608933879,2.661809608933879
54.9001252281103,54.85453719293661
51.92163757073084,51.46096630332914
8.997849140186432,8.997849140186432
3.9862720995148773,7.272462394644075
28.820343833692892,16.616491619126585
38.562605248546475,44.38290399703194
7.109397255000542,10.228376241251189
2.621772298254718,2.967221336578955
