mamdani_bell_v9,mamdani_best,CLPVariation
0.6670478466637616,0.8746730419135774,0.85
0.872625381675938,0.889018957102862,0.85
0.3607989981751177,0.7891102622915075,0.8
0.35097204573366486,0.33612274771394685,0.73
0.45501075429906784,0.6137709878341068,0.5
0.12478352651941785,0.33612274771394685,0.12
-0.39934306588444796,-0.5103323638522506,-0.31
-0.39934306588444796,-0.5103323638522506,-0.65
-0.7617029425089955,-0.8691191378702414,-0.82
-0.8277149354648349,-0.8853582931432825,-0.85
