mamdani_bell_v9,mamdani_best
0.003347149041036648,0.0003599509984887474
5.119078959818698e-05,1.3839170615393993e-05
0.019289752000398033,0.0002654414251783591
0.014366219011532302,4.109134355349511e-05
0.00020240322287388423,3.2330486453570666e-05
2.2882125961973874e-06,1.4188722167913308e-07
0.0007982183421632808,0.0026665429539828264
0.006282889862020821,0.0031224470343608297
0.00033985469121094775,0.0006135118415136088
4.9662410133647326e-05,0.0003741834201333343
