mamdani_gaussian,mamdani_triangle
1.0518752564694367,52.93870942568395
1.0518681663416969,52.94075669891215
5.132358371011211,49.993654883880026
15.213539126607007,45.19783162889858
68.21180049786157,19.99407859441611
600.8823630201927,233.379857590867
371.3092385072121,229.0591784789608
229.39363682651654,161.55130050535053
202.568096263129,148.79370579189933
198.94803238149953,147.07300269192262
