mamdani_triangle_v2,CLPVariation
0.8430843168391876,0.85
0.8605598279583638,0.85
0.8605598279583638,0.8
0.6283172835078736,0.73
0.8351240949468498,0.5
0.6283172835078736,0.12
-0.12338664861369582,-0.31
-0.12338664861369582,-0.65
-0.8648788064316649,-0.82
-0.8673329361265556,-0.85
