mamdani_triangle_v2,CLPVariation
0.6661110785167786,0.85
0.8519590288714999,0.85
0.8605598279583638,0.8
0.5968879275461384,0.73
0.4666657305267862,0.5
-0.10320132163273411,0.12
-0.20542840243437127,-0.31
-0.20542840243437127,-0.65
-0.8648788064316649,-0.82
-0.8673329361265556,-0.85
