mamdani_triangle_v4,CLPVariation
0.7675513258295129,0.85
0.8519590288714999,0.85
0.8605598279583638,0.8
0.8560970116156312,0.73
0.5666655299253834,0.5
-3.086078278362367e-18,0.12
-0.4204913914583471,-0.31
-0.7677390095463459,-0.65
-0.8640765781174634,-0.82
-0.8673329361265556,-0.85
