mamdani_bell_v9,mamdani_best
0.003347149041036648,6.087589972691492e-05
5.119078959818698e-05,0.00015224790133949907
0.019289752000398033,1.1858638735976463e-05
0.014366219011532302,0.015513928986841116
0.00020240322287388423,0.001294383767274847
2.2882125961973874e-06,0.004670904207942632
0.0007982183421632808,0.0040133056006630505
0.006282889862020821,0.0019507048587100132
0.00033985469121094775,0.00024126897051157895
4.9662410133647326e-05,0.0001250208894006301
